{
    "metrics": {
        "checks": {
            "passes": 7036,
            "fails": 0,
            "value": 1
        },
        "iteration_duration": {
            "med": 651.548426,
            "p(90)": 889.3580728000002,
            "p(95)": 1653.7312268999997,
            "p(99)": 4355.9858691,
            "max": 8511.939813,
            "count": 1759,
            "avg": 811.2605145673676,
            "min": 622.286533
        },
        "vote_error_rate": {
            "passes": 0,
            "fails": 3518,
            "value": 0
        },
        "vote_latency_ms": {
            "p(95)": 313.19242699999984,
            "p(99)": 1574.2839025600038,
            "max": 5664.837028,
            "count": 1759,
            "avg": 162.14445315520172,
            "min": 81.507158,
            "med": 99.356955,
            "p(90)": 238.3934296
        },
        "http_req_connecting": {
            "p(99)": 1139.6255239699997,
            "max": 4327.567729,
            "count": 3518,
            "avg": 111.73511449658912,
            "min": 77.383731,
            "med": 79.96546599999999,
            "p(90)": 84.0737156,
            "p(95)": 88.93802804999999
        },
        "iterations": {
            "rate": 21.113232276324446,
            "count": 1759
        },
        "http_req_receiving": {
            "count": 3518,
            "avg": 5.42092286469585,
            "min": 0.057598,
            "med": 0.19541999999999998,
            "p(90)": 0.37646820000000025,
            "p(95)": 0.7415690499999998,
            "p(99)": 6.497161999999992,
            "max": 3074.372106
        },
        "http_req_sending": {
            "p(95)": 0.22833584999999978,
            "p(99)": 0.34286400999999994,
            "max": 1.701994,
            "count": 3518,
            "avg": 0.1284400412166003,
            "min": 0.024597,
            "med": 0.11868300000000001,
            "p(90)": 0.18771020000000002
        },
        "data_sent": {
            "count": 489002,
            "rate": 5869.478572818197
        },
        "data_received": {
            "count": 5971805,
            "rate": 71679.4235781215
        },
        "http_req_tls_handshaking": {
            "p(99)": 0,
            "max": 0,
            "count": 3518,
            "avg": 0,
            "min": 0,
            "med": 0,
            "p(90)": 0,
            "p(95)": 0
        },
        "active_vus_gauge": {
            "min": 1,
            "max": 20,
            "value": 4
        },
        "vus_max": {
            "min": 20,
            "max": 20,
            "value": 20
        },
        "http_req_duration": {
            "p(95)": 302.10409114999976,
            "p(99)": 1470.864683899999,
            "max": 5664.837028,
            "count": 3518,
            "avg": 149.8051203476405,
            "min": 78.633393,
            "med": 90.30044050000001,
            "p(90)": 195.2782965,
            "thresholds": {
                "p(99)<15000": false
            }
        },
        "vus": {
            "value": 1,
            "min": 1,
            "max": 20
        },
        "http_req_blocked": {
            "max": 4327.675468,
            "count": 3518,
            "avg": 111.88002371517932,
            "min": 77.54987,
            "med": 80.1080145,
            "p(90)": 84.2056032,
            "p(95)": 89.06618964999997,
            "p(99)": 1139.7211565899995
        },
        "http_req_waiting": {
            "max": 5586.017038,
            "count": 3518,
            "avg": 144.25575744172815,
            "min": 78.384182,
            "med": 89.78716399999999,
            "p(90)": 194.9493047,
            "p(95)": 301.8560161499998,
            "p(99)": 1278.8527536099994
        },
        "http_reqs": {
            "count": 3518,
            "rate": 42.22646455264889
        },
        "http_req_duration{expected_response:true}": {
            "med": 90.30044050000001,
            "p(90)": 195.2782965,
            "p(95)": 302.10409114999976,
            "p(99)": 1470.864683899999,
            "max": 5664.837028,
            "count": 3518,
            "avg": 149.8051203476405,
            "min": 78.633393
        },
        "http_req_failed": {
            "passes": 0,
            "fails": 3518,
            "thresholds": {
                "rate<0.20": false
            },
            "value": 0
        }
    },
    "root_group": {
        "name": "",
        "path": "",
        "id": "d41d8cd98f00b204e9800998ecf8427e",
        "groups": {},
        "checks": {
                "GET / status 200": {
                    "fails": 0,
                    "name": "GET / status 200",
                    "path": "::GET / status 200",
                    "id": "4032b491b7fafac4f6a4ef1bad8b59f0",
                    "passes": 1759
                },
                "GET / < 5s": {
                    "name": "GET / < 5s",
                    "path": "::GET / < 5s",
                    "id": "fb56c63f941413f0a36f3f00c013b188",
                    "passes": 1759,
                    "fails": 0
                },
                "POST vote 2xx": {
                    "id": "7ee8bfeb45c8142d599c77c4399b4fef",
                    "passes": 1759,
                    "fails": 0,
                    "name": "POST vote 2xx",
                    "path": "::POST vote 2xx"
                },
                "POST vote < 8s": {
                    "name": "POST vote < 8s",
                    "path": "::POST vote < 8s",
                    "id": "17191e32b91ccd9a049254104680b7c1",
                    "passes": 1759,
                    "fails": 0
                }
            }
    }
}